ENSEMBL,baseMean,log2FoldChange,lfcSE,stat,pvalue,padj,external_gene_name,gene_biotype
ENSG00000102962,4.75208945803702,2.18296090327437,0.642464748702315,3.39779094134524,0.000679323111749623,0.0197851201026337,CCL22,protein_coding
ENSG00000136710,1063.74953249268,1.18617388945821,0.354581416231988,3.34527934955888,0.000821997343663441,0.0220889609922221,CCDC115,protein_coding
