ENSEMBL,baseMean,log2FoldChange,lfcSE,stat,pvalue,padj,external_gene_name,gene_biotype
ENSG00000102962,4.75208945803702,1.974419983584,0.212831607034723,9.27691150338342,1.74462267664077e-20,2.09682716886798e-18,CCL22,protein_coding
ENSG00000136710,1063.74953249268,0.906849767674768,0.147607140330257,6.14367140807537,8.06355672549607e-10,2.03679163886941e-08,CCDC115,protein_coding
ENSG00000161547,3760.09807972534,0.424386084280877,0.147351801059847,2.88008752677894,0.00397564783403257,0.0232204796112372,SRSF2,protein_coding
ENSG00000170836,690.453399677325,0.401355308308439,0.135687930405644,2.95792932435901,0.00309713125565843,0.0188347862100746,PPM1D,protein_coding
ENSG00000185515,600.209491850152,0.410717566821873,0.152398507911301,2.69502354354361,0.00703836576605006,0.0373034142170122,BRCC3,protein_coding
ENSG00000263002,201.180097831975,0.848101512448678,0.184004738782404,4.60912864560301,4.04360083518987e-06,5.22604935202809e-05,ZNF234,protein_coding
